{
    "config": "configs/pizze-sv/pizze_training_base.py",
    "metric": {
        "aAcc": 0.9654,
        "mIoU": 0.8156,
        "mAcc": 0.8943000000000001,
        "IoU.bg": 0.9643000030517578,
        "IoU.Anchovy": 0.8563999938964844,
        "IoU.Olives": 0.8775,
        "IoU.Salami": 0.5731999969482422,
        "IoU.Red_Pepper": 0.8169999694824219,
        "IoU.Yellow_Pepper": 0.8052999877929687,
        "Acc.bg": 0.9808000183105469,
        "Acc.Anchovy": 0.9276000213623047,
        "Acc.Olives": 0.928499984741211,
        "Acc.Salami": 0.7405000305175782,
        "Acc.Red_Pepper": 0.9123999786376953,
        "Acc.Yellow_Pepper": 0.8758000183105469
    }
}