{
    "config": "configs/pizze-sv/pizze_training_base.py",
    "metric": {
        "aAcc": 0.9658,
        "mIoU": 0.8177,
        "mAcc": 0.8955,
        "IoU.bg": 0.964800033569336,
        "IoU.Anchovy": 0.8620999908447265,
        "IoU.Olives": 0.877300033569336,
        "IoU.Salami": 0.5754000091552735,
        "IoU.Red_Pepper": 0.8186000061035156,
        "IoU.Yellow_Pepper": 0.8080000305175781,
        "Acc.bg": 0.9806999969482422,
        "Acc.Anchovy": 0.9258999633789062,
        "Acc.Olives": 0.9258000183105469,
        "Acc.Salami": 0.7401000213623047,
        "Acc.Red_Pepper": 0.9173999786376953,
        "Acc.Yellow_Pepper": 0.8830999755859374
    }
}