{
    "config": "configs/pizze-sv/pizze_training_large.py",
    "metric": {
        "aAcc": 0.9758,
        "mIoU": 0.8523000000000001,
        "mAcc": 0.927,
        "IoU.bg": 0.9751999664306641,
        "IoU.Anchovy": 0.8097000122070312,
        "IoU.Olives": 0.8716999816894532,
        "IoU.Salami": 0.7104000091552735,
        "IoU.Red_Pepper": 0.8801999664306641,
        "IoU.Yellow_Pepper": 0.8662999725341797,
        "Acc.bg": 0.9851999664306641,
        "Acc.Anchovy": 0.9269000244140625,
        "Acc.Olives": 0.9080999755859375,
        "Acc.Salami": 0.8483000183105469,
        "Acc.Red_Pepper": 0.9469000244140625,
        "Acc.Yellow_Pepper": 0.9466000366210937
    }
}