{
    "config": "configs/pizze-sv/pizze_training.py",
    "metric": {
        "aAcc": 0.9564,
        "mIoU": 0.7428,
        "mAcc": 0.8387,
        "IoU.bg": 0.956500015258789,
        "IoU.Anchovy": 0.6372000122070313,
        "IoU.Olives": 0.77,
        "IoU.Salami": 0.5256000137329102,
        "IoU.Red_Pepper": 0.7898000335693359,
        "IoU.Yellow_Pepper": 0.7775,
        "Acc.bg": 0.9788999938964844,
        "Acc.Anchovy": 0.7709999847412109,
        "Acc.Olives": 0.8698999786376953,
        "Acc.Salami": 0.67,
        "Acc.Red_Pepper": 0.8887000274658203,
        "Acc.Yellow_Pepper": 0.8537999725341797
    }
}