{
    "config": "configs/pizze-sv/pizze_training.py",
    "metric": {
        "aAcc": 0.0492,
        "mIoU": 0.027200000000000002,
        "mAcc": 0.2462,
        "IoU.bg": 0.0,
        "IoU.Anchovy": 0.02799999952316284,
        "IoU.Olives": 0.0,
        "IoU.Salami": 0.0,
        "IoU.Red_Pepper": 0.13489999771118164,
        "IoU.Yellow_Pepper": 0.0,
        "Acc.bg": 0.0,
        "Acc.Anchovy": 1.0,
        "Acc.Olives": 0.0,
        "Acc.Salami": 0.0,
        "Acc.Red_Pepper": 0.47689998626708985,
        "Acc.Yellow_Pepper": 0.0
    }
}