{
    "config": "configs/pizze-sv/pizze_training.py",
    "metric": {
        "aAcc": 0.958,
        "mIoU": 0.7504000000000001,
        "mAcc": 0.8473,
        "IoU.bg": 0.9581999969482422,
        "IoU.Anchovy": 0.6445999908447265,
        "IoU.Olives": 0.7687999725341796,
        "IoU.Salami": 0.5465999984741211,
        "IoU.Red_Pepper": 0.7973999786376953,
        "IoU.Yellow_Pepper": 0.7866999816894531,
        "Acc.bg": 0.9787000274658203,
        "Acc.Anchovy": 0.7987000274658204,
        "Acc.Olives": 0.8618000030517579,
        "Acc.Salami": 0.6927999877929687,
        "Acc.Red_Pepper": 0.9026000213623047,
        "Acc.Yellow_Pepper": 0.8491000366210938
    }
}