{
    "config": "configs/pizze-sv/pizze_training.py",
    "metric": {
        "aAcc": 0.8105,
        "mIoU": 0.2813,
        "mAcc": 0.41090000000000004,
        "IoU.bg": 0.8487999725341797,
        "IoU.Anchovy": 0.149399995803833,
        "IoU.Olives": 0.30450000762939455,
        "IoU.Salami": 0.059499998092651364,
        "IoU.Red_Pepper": 0.185,
        "IoU.Yellow_Pepper": 0.14050000190734863,
        "Acc.bg": 0.9070999908447266,
        "Acc.Anchovy": 0.21170000076293946,
        "Acc.Olives": 0.35630001068115236,
        "Acc.Salami": 0.06309999942779541,
        "Acc.Red_Pepper": 0.2075,
        "Acc.Yellow_Pepper": 0.72
    }
}