{
    "config": "configs/pizze-sv/pizze_training.py",
    "metric": {
        "aAcc": 0.9576,
        "mIoU": 0.7497,
        "mAcc": 0.8517,
        "IoU.bg": 0.9577999877929687,
        "IoU.Anchovy": 0.6409999847412109,
        "IoU.Olives": 0.7669999694824219,
        "IoU.Salami": 0.5499000167846679,
        "IoU.Red_Pepper": 0.7966999816894531,
        "IoU.Yellow_Pepper": 0.7855999755859375,
        "Acc.bg": 0.9775,
        "Acc.Anchovy": 0.7936000061035157,
        "Acc.Olives": 0.8673999786376954,
        "Acc.Salami": 0.7094999694824219,
        "Acc.Red_Pepper": 0.9006999969482422,
        "Acc.Yellow_Pepper": 0.8616999816894532
    }
}